{
  "changed_pixels": 2252183,
  "total_pixels": 4961756,
  "pixel_area_m2": 8.069703496827366e-09,
  "area_ha": 1.8174449030595148e-06,
  "deforestation_percent": 45.39
}